[
  {
    "ticket_id": "TKT-001",
    "title": "Payment gateway error",
    "priority": "Critical",
    "assigned_to": "Emma Wilson",
    "status": {
      "current_status": "Resolved",
      "bg": "#E8F5E9",
      "color": "#43A047",
      "font_size": "14px",
      "font_style": "bold"
    }
  },
  {
    "ticket_id": "TKT-002",
    "title": "Login issue",
    "priority": "Medium",
    "assigned_to": "Robert Brown",
    "status": {
      "current_status": "Resolved",
      "bg": "#E8F5E9",
      "color": "#43A047",
      "font_size": "14px",
      "font_style": "bold"
    }
  },
  {
    "ticket_id": "TKT-003",
    "title": "Slow website performance",
    "priority": "Medium",
    "assigned_to": "Michael Johnson",
    "status": {
      "current_status": "Open",
      "bg": "#E3F2FD",
      "color": "#1E88E5",
      "font_size": "14px",
      "font_style": "bold"
    }
  },
  {
    "ticket_id": "TKT-004",
    "title": "2FA not working",
    "priority": "Critical",
    "assigned_to": "Jane Smith",
    "status": {
      "current_status": "Resolved",
      "bg": "#E8F5E9",
      "color": "#43A047",
      "font_size": "14px",
      "font_style": "bold"
    }
  },
  {
    "ticket_id": "TKT-005",
    "title": "Unauthorized access detected",
    "priority": "Low",
    "assigned_to": "Michael Johnson",
    "status": {
      "current_status": "In Progress",
      "bg": "#FFF3E0",
      "color": "#FB8C00",
      "font_size": "14px",
      "font_style": "italic"
    }
  },
  {
    "ticket_id": "TKT-006",
    "title": "2FA not working",
    "priority": "Critical",
    "assigned_to": "Robert Brown",
    "status": {
      "current_status": "Resolved",
      "bg": "#E8F5E9",
      "color": "#43A047",
      "font_size": "14px",
      "font_style": "bold"
    }
  },
  {
    "ticket_id": "TKT-007",
    "title": "Account locked",
    "priority": "Critical",
    "assigned_to": "Sarah Lee",
    "status": {
      "current_status": "Closed",
      "bg": "#F5F5F5",
      "color": "#616161",
      "font_size": "14px",
      "font_style": "normal"
    }
  },
  {
    "ticket_id": "TKT-008",
    "title": "Payment gateway error",
    "priority": "High",
    "assigned_to": "Robert Brown",
    "status": {
      "current_status": "Open",
      "bg": "#E3F2FD",
      "color": "#1E88E5",
      "font_size": "14px",
      "font_style": "bold"
    }
  },
  {
    "ticket_id": "TKT-009",
    "title": "Data sync issue",
    "priority": "High",
    "assigned_to": "John Doe",
    "status": {
      "current_status": "Closed",
      "bg": "#F5F5F5",
      "color": "#616161",
      "font_size": "14px",
      "font_style": "normal"
    }
  },
  {
    "ticket_id": "TKT-010",
    "title": "Slow website performance",
    "priority": "Medium",
    "assigned_to": "Jane Smith",
    "status": {
      "current_status": "On Hold",
      "bg": "#FFEBEE",
      "color": "#E53935",
      "font_size": "14px",
      "font_style": "italic"
    }
  },
  {
    "ticket_id": "TKT-011",
    "title": "2FA not working",
    "priority": "Low",
    "assigned_to": "Michael Johnson",
    "status": {
      "current_status": "Closed",
      "bg": "#F5F5F5",
      "color": "#616161",
      "font_size": "14px",
      "font_style": "normal"
    }
  },
  {
    "ticket_id": "TKT-012",
    "title": "Login issue",
    "priority": "Low",
    "assigned_to": "Jane Smith",
    "status": {
      "current_status": "On Hold",
      "bg": "#FFEBEE",
      "color": "#E53935",
      "font_size": "14px",
      "font_style": "italic"
    }
  },
  {
    "ticket_id": "TKT-013",
    "title": "Slow website performance",
    "priority": "Medium",
    "assigned_to": "Emma Wilson",
    "status": {
      "current_status": "Closed",
      "bg": "#F5F5F5",
      "color": "#616161",
      "font_size": "14px",
      "font_style": "normal"
    }
  },
  {
    "ticket_id": "TKT-014",
    "title": "Email notifications not sent",
    "priority": "Low",
    "assigned_to": "John Doe",
    "status": {
      "current_status": "In Progress",
      "bg": "#FFF3E0",
      "color": "#FB8C00",
      "font_size": "14px",
      "font_style": "italic"
    }
  },
  {
    "ticket_id": "TKT-015",
    "title": "Bug in report generation",
    "priority": "High",
    "assigned_to": "John Doe",
    "status": {
      "current_status": "Open",
      "bg": "#E3F2FD",
      "color": "#1E88E5",
      "font_size": "14px",
      "font_style": "bold"
    }
  },
  {
    "ticket_id": "TKT-016",
    "title": "Data sync issue",
    "priority": "Medium",
    "assigned_to": "Michael Johnson",
    "status": {
      "current_status": "Open",
      "bg": "#E3F2FD",
      "color": "#1E88E5",
      "font_size": "14px",
      "font_style": "bold"
    }
  },
  {
    "ticket_id": "TKT-017",
    "title": "Mobile app crashes",
    "priority": "Medium",
    "assigned_to": "Robert Brown",
    "status": {
      "current_status": "On Hold",
      "bg": "#FFEBEE",
      "color": "#E53935",
      "font_size": "14px",
      "font_style": "italic"
    }
  },
  {
    "ticket_id": "TKT-018",
    "title": "2FA not working",
    "priority": "Critical",
    "assigned_to": "Emma Wilson",
    "status": {
      "current_status": "On Hold",
      "bg": "#FFEBEE",
      "color": "#E53935",
      "font_size": "14px",
      "font_style": "italic"
    }
  },
  {
    "ticket_id": "TKT-019",
    "title": "Email notifications not sent",
    "priority": "Low",
    "assigned_to": "Robert Brown",
    "status": {
      "current_status": "Open",
      "bg": "#E3F2FD",
      "color": "#1E88E5",
      "font_size": "14px",
      "font_style": "bold"
    }
  },
  {
    "ticket_id": "TKT-020",
    "title": "Session timeout too quick",
    "priority": "Low",
    "assigned_to": "Robert Brown",
    "status": {
      "current_status": "On Hold",
      "bg": "#FFEBEE",
      "color": "#E53935",
      "font_size": "14px",
      "font_style": "italic"
    }
  },
  {
    "ticket_id": "TKT-021",
    "title": "Login issue",
    "priority": "Low",
    "assigned_to": "Robert Brown",
    "status": {
      "current_status": "Open",
      "bg": "#E3F2FD",
      "color": "#1E88E5",
      "font_size": "14px",
      "font_style": "bold"
    }
  },
  {
    "ticket_id": "TKT-022",
    "title": "Session timeout too quick",
    "priority": "Medium",
    "assigned_to": "Emma Wilson",
    "status": {
      "current_status": "Closed",
      "bg": "#F5F5F5",
      "color": "#616161",
      "font_size": "14px",
      "font_style": "normal"
    }
  },
  {
    "ticket_id": "TKT-023",
    "title": "Login issue",
    "priority": "Critical",
    "assigned_to": "Michael Johnson",
    "status": {
      "current_status": "Resolved",
      "bg": "#E8F5E9",
      "color": "#43A047",
      "font_size": "14px",
      "font_style": "bold"
    }
  },
  {
    "ticket_id": "TKT-024",
    "title": "Login issue",
    "priority": "High",
    "assigned_to": "Robert Brown",
    "status": {
      "current_status": "Open",
      "bg": "#E3F2FD",
      "color": "#1E88E5",
      "font_size": "14px",
      "font_style": "bold"
    }
  },
  {
    "ticket_id": "TKT-025",
    "title": "Session timeout too quick",
    "priority": "Low",
    "assigned_to": "Emma Wilson",
    "status": {
      "current_status": "Open",
      "bg": "#E3F2FD",
      "color": "#1E88E5",
      "font_size": "14px",
      "font_style": "bold"
    }
  },
  {
    "ticket_id": "TKT-026",
    "title": "Slow website performance",
    "priority": "Low",
    "assigned_to": "Michael Johnson",
    "status": {
      "current_status": "In Progress",
      "bg": "#FFF3E0",
      "color": "#FB8C00",
      "font_size": "14px",
      "font_style": "italic"
    }
  },
  {
    "ticket_id": "TKT-027",
    "title": "Bug in report generation",
    "priority": "High",
    "assigned_to": "Emma Wilson",
    "status": {
      "current_status": "In Progress",
      "bg": "#FFF3E0",
      "color": "#FB8C00",
      "font_size": "14px",
      "font_style": "italic"
    }
  },
  {
    "ticket_id": "TKT-028",
    "title": "Login issue",
    "priority": "Low",
    "assigned_to": "John Doe",
    "status": {
      "current_status": "Closed",
      "bg": "#F5F5F5",
      "color": "#616161",
      "font_size": "14px",
      "font_style": "normal"
    }
  },
  {
    "ticket_id": "TKT-029",
    "title": "Unauthorized access detected",
    "priority": "Critical",
    "assigned_to": "Michael Johnson",
    "status": {
      "current_status": "Closed",
      "bg": "#F5F5F5",
      "color": "#616161",
      "font_size": "14px",
      "font_style": "normal"
    }
  },
  {
    "ticket_id": "TKT-030",
    "title": "Unauthorized access detected",
    "priority": "Low",
    "assigned_to": "Sarah Lee",
    "status": {
      "current_status": "Resolved",
      "bg": "#E8F5E9",
      "color": "#43A047",
      "font_size": "14px",
      "font_style": "bold"
    }
  },
  {
    "ticket_id": "TKT-031",
    "title": "Session timeout too quick",
    "priority": "Medium",
    "assigned_to": "John Doe",
    "status": {
      "current_status": "Open",
      "bg": "#E3F2FD",
      "color": "#1E88E5",
      "font_size": "14px",
      "font_style": "bold"
    }
  },
  {
    "ticket_id": "TKT-032",
    "title": "2FA not working",
    "priority": "Low",
    "assigned_to": "Jane Smith",
    "status": {
      "current_status": "Closed",
      "bg": "#F5F5F5",
      "color": "#616161",
      "font_size": "14px",
      "font_style": "normal"
    }
  },
  {
    "ticket_id": "TKT-033",
    "title": "Login issue",
    "priority": "High",
    "assigned_to": "John Doe",
    "status": {
      "current_status": "Open",
      "bg": "#E3F2FD",
      "color": "#1E88E5",
      "font_size": "14px",
      "font_style": "bold"
    }
  },
  {
    "ticket_id": "TKT-034",
    "title": "Login issue",
    "priority": "Medium",
    "assigned_to": "Robert Brown",
    "status": {
      "current_status": "Resolved",
      "bg": "#E8F5E9",
      "color": "#43A047",
      "font_size": "14px",
      "font_style": "bold"
    }
  },
  {
    "ticket_id": "TKT-035",
    "title": "Login issue",
    "priority": "Critical",
    "assigned_to": "Robert Brown",
    "status": {
      "current_status": "Closed",
      "bg": "#F5F5F5",
      "color": "#616161",
      "font_size": "14px",
      "font_style": "normal"
    }
  },
  {
    "ticket_id": "TKT-036",
    "title": "2FA not working",
    "priority": "Critical",
    "assigned_to": "John Doe",
    "status": {
      "current_status": "In Progress",
      "bg": "#FFF3E0",
      "color": "#FB8C00",
      "font_size": "14px",
      "font_style": "italic"
    }
  },
  {
    "ticket_id": "TKT-037",
    "title": "Unauthorized access detected",
    "priority": "Critical",
    "assigned_to": "Emma Wilson",
    "status": {
      "current_status": "Open",
      "bg": "#E3F2FD",
      "color": "#1E88E5",
      "font_size": "14px",
      "font_style": "bold"
    }
  },
  {
    "ticket_id": "TKT-038",
    "title": "Email notifications not sent",
    "priority": "High",
    "assigned_to": "Robert Brown",
    "status": {
      "current_status": "Closed",
      "bg": "#F5F5F5",
      "color": "#616161",
      "font_size": "14px",
      "font_style": "normal"
    }
  },
  {
    "ticket_id": "TKT-039",
    "title": "Login issue",
    "priority": "Medium",
    "assigned_to": "Michael Johnson",
    "status": {
      "current_status": "Resolved",
      "bg": "#E8F5E9",
      "color": "#43A047",
      "font_size": "14px",
      "font_style": "bold"
    }
  },
  {
    "ticket_id": "TKT-040",
    "title": "Database connection lost",
    "priority": "Low",
    "assigned_to": "Sarah Lee",
    "status": {
      "current_status": "Resolved",
      "bg": "#E8F5E9",
      "color": "#43A047",
      "font_size": "14px",
      "font_style": "bold"
    }
  },
  {
    "ticket_id": "TKT-041",
    "title": "Email notifications not sent",
    "priority": "Critical",
    "assigned_to": "Robert Brown",
    "status": {
      "current_status": "Open",
      "bg": "#E3F2FD",
      "color": "#1E88E5",
      "font_size": "14px",
      "font_style": "bold"
    }
  },
  {
    "ticket_id": "TKT-042",
    "title": "Payment gateway error",
    "priority": "High",
    "assigned_to": "Robert Brown",
    "status": {
      "current_status": "Resolved",
      "bg": "#E8F5E9",
      "color": "#43A047",
      "font_size": "14px",
      "font_style": "bold"
    }
  },
  {
    "ticket_id": "TKT-043",
    "title": "Login issue",
    "priority": "Low",
    "assigned_to": "Emily Davis",
    "status": {
      "current_status": "In Progress",
      "bg": "#FFF3E0",
      "color": "#FB8C00",
      "font_size": "14px",
      "font_style": "italic"
    }
  },
  {
    "ticket_id": "TKT-044",
    "title": "Unauthorized access detected",
    "priority": "Low",
    "assigned_to": "Emma Wilson",
    "status": {
      "current_status": "In Progress",
      "bg": "#FFF3E0",
      "color": "#FB8C00",
      "font_size": "14px",
      "font_style": "italic"
    }
  },
  {
    "ticket_id": "TKT-045",
    "title": "Data sync issue",
    "priority": "Medium",
    "assigned_to": "Michael Johnson",
    "status": {
      "current_status": "Resolved",
      "bg": "#E8F5E9",
      "color": "#43A047",
      "font_size": "14px",
      "font_style": "bold"
    }
  },
  {
    "ticket_id": "TKT-046",
    "title": "Payment gateway error",
    "priority": "Critical",
    "assigned_to": "Emily Davis",
    "status": {
      "current_status": "Closed",
      "bg": "#F5F5F5",
      "color": "#616161",
      "font_size": "14px",
      "font_style": "normal"
    }
  },
  {
    "ticket_id": "TKT-047",
    "title": "Payment gateway error",
    "priority": "Medium",
    "assigned_to": "John Doe",
    "status": {
      "current_status": "Closed",
      "bg": "#F5F5F5",
      "color": "#616161",
      "font_size": "14px",
      "font_style": "normal"
    }
  },
  {
    "ticket_id": "TKT-048",
    "title": "Bug in report generation",
    "priority": "Low",
    "assigned_to": "Emily Davis",
    "status": {
      "current_status": "Open",
      "bg": "#E3F2FD",
      "color": "#1E88E5",
      "font_size": "14px",
      "font_style": "bold"
    }
  },
  {
    "ticket_id": "TKT-049",
    "title": "Data sync issue",
    "priority": "High",
    "assigned_to": "Emma Wilson",
    "status": {
      "current_status": "Resolved",
      "bg": "#E8F5E9",
      "color": "#43A047",
      "font_size": "14px",
      "font_style": "bold"
    }
  },
  {
    "ticket_id": "TKT-050",
    "title": "Account locked",
    "priority": "Low",
    "assigned_to": "Emma Wilson",
    "status": {
      "current_status": "On Hold",
      "bg": "#FFEBEE",
      "color": "#E53935",
      "font_size": "14px",
      "font_style": "italic"
    }
  },
  {
    "ticket_id": "TKT-051",
    "title": "Slow website performance",
    "priority": "High",
    "assigned_to": "John Doe",
    "status": {
      "current_status": "In Progress",
      "bg": "#FFF3E0",
      "color": "#FB8C00",
      "font_size": "14px",
      "font_style": "italic"
    }
  },
  {
    "ticket_id": "TKT-052",
    "title": "Session timeout too quick",
    "priority": "Low",
    "assigned_to": "Sarah Lee",
    "status": {
      "current_status": "On Hold",
      "bg": "#FFEBEE",
      "color": "#E53935",
      "font_size": "14px",
      "font_style": "italic"
    }
  },
  {
    "ticket_id": "TKT-053",
    "title": "Mobile app crashes",
    "priority": "Low",
    "assigned_to": "Emma Wilson",
    "status": {
      "current_status": "In Progress",
      "bg": "#FFF3E0",
      "color": "#FB8C00",
      "font_size": "14px",
      "font_style": "italic"
    }
  },
  {
    "ticket_id": "TKT-054",
    "title": "Login issue",
    "priority": "Critical",
    "assigned_to": "Sarah Lee",
    "status": {
      "current_status": "Open",
      "bg": "#E3F2FD",
      "color": "#1E88E5",
      "font_size": "14px",
      "font_style": "bold"
    }
  },
  {
    "ticket_id": "TKT-055",
    "title": "Mobile app crashes",
    "priority": "Medium",
    "assigned_to": "Robert Brown",
    "status": {
      "current_status": "On Hold",
      "bg": "#FFEBEE",
      "color": "#E53935",
      "font_size": "14px",
      "font_style": "italic"
    }
  },
  {
    "ticket_id": "TKT-056",
    "title": "Data sync issue",
    "priority": "Medium",
    "assigned_to": "John Doe",
    "status": {
      "current_status": "Open",
      "bg": "#E3F2FD",
      "color": "#1E88E5",
      "font_size": "14px",
      "font_style": "bold"
    }
  },
  {
    "ticket_id": "TKT-057",
    "title": "Bug in report generation",
    "priority": "Medium",
    "assigned_to": "Emma Wilson",
    "status": {
      "current_status": "In Progress",
      "bg": "#FFF3E0",
      "color": "#FB8C00",
      "font_size": "14px",
      "font_style": "italic"
    }
  },
  {
    "ticket_id": "TKT-058",
    "title": "Mobile app crashes",
    "priority": "High",
    "assigned_to": "Michael Johnson",
    "status": {
      "current_status": "In Progress",
      "bg": "#FFF3E0",
      "color": "#FB8C00",
      "font_size": "14px",
      "font_style": "italic"
    }
  },
  {
    "ticket_id": "TKT-059",
    "title": "Slow website performance",
    "priority": "Critical",
    "assigned_to": "Jane Smith",
    "status": {
      "current_status": "Open",
      "bg": "#E3F2FD",
      "color": "#1E88E5",
      "font_size": "14px",
      "font_style": "bold"
    }
  },
  {
    "ticket_id": "TKT-060",
    "title": "Unauthorized access detected",
    "priority": "Medium",
    "assigned_to": "Emma Wilson",
    "status": {
      "current_status": "In Progress",
      "bg": "#FFF3E0",
      "color": "#FB8C00",
      "font_size": "14px",
      "font_style": "italic"
    }
  },
  {
    "ticket_id": "TKT-061",
    "title": "Slow website performance",
    "priority": "High",
    "assigned_to": "John Doe",
    "status": {
      "current_status": "Resolved",
      "bg": "#E8F5E9",
      "color": "#43A047",
      "font_size": "14px",
      "font_style": "bold"
    }
  },
  {
    "ticket_id": "TKT-062",
    "title": "Login issue",
    "priority": "High",
    "assigned_to": "Jane Smith",
    "status": {
      "current_status": "Open",
      "bg": "#E3F2FD",
      "color": "#1E88E5",
      "font_size": "14px",
      "font_style": "bold"
    }
  },
  {
    "ticket_id": "TKT-063",
    "title": "Login issue",
    "priority": "Low",
    "assigned_to": "Michael Johnson",
    "status": {
      "current_status": "Closed",
      "bg": "#F5F5F5",
      "color": "#616161",
      "font_size": "14px",
      "font_style": "normal"
    }
  },
  {
    "ticket_id": "TKT-064",
    "title": "2FA not working",
    "priority": "Critical",
    "assigned_to": "Michael Johnson",
    "status": {
      "current_status": "Resolved",
      "bg": "#E8F5E9",
      "color": "#43A047",
      "font_size": "14px",
      "font_style": "bold"
    }
  },
  {
    "ticket_id": "TKT-065",
    "title": "Login issue",
    "priority": "High",
    "assigned_to": "Sarah Lee",
    "status": {
      "current_status": "On Hold",
      "bg": "#FFEBEE",
      "color": "#E53935",
      "font_size": "14px",
      "font_style": "italic"
    }
  },
  {
    "ticket_id": "TKT-066",
    "title": "Mobile app crashes",
    "priority": "Medium",
    "assigned_to": "Emily Davis",
    "status": {
      "current_status": "On Hold",
      "bg": "#FFEBEE",
      "color": "#E53935",
      "font_size": "14px",
      "font_style": "italic"
    }
  },
  {
    "ticket_id": "TKT-067",
    "title": "Slow website performance",
    "priority": "Low",
    "assigned_to": "Emma Wilson",
    "status": {
      "current_status": "Closed",
      "bg": "#F5F5F5",
      "color": "#616161",
      "font_size": "14px",
      "font_style": "normal"
    }
  },
  {
    "ticket_id": "TKT-068",
    "title": "Account locked",
    "priority": "Low",
    "assigned_to": "John Doe",
    "status": {
      "current_status": "Closed",
      "bg": "#F5F5F5",
      "color": "#616161",
      "font_size": "14px",
      "font_style": "normal"
    }
  },
  {
    "ticket_id": "TKT-069",
    "title": "Data sync issue",
    "priority": "High",
    "assigned_to": "Emma Wilson",
    "status": {
      "current_status": "Resolved",
      "bg": "#E8F5E9",
      "color": "#43A047",
      "font_size": "14px",
      "font_style": "bold"
    }
  },
  {
    "ticket_id": "TKT-070",
    "title": "Payment gateway error",
    "priority": "Critical",
    "assigned_to": "John Doe",
    "status": {
      "current_status": "Open",
      "bg": "#E3F2FD",
      "color": "#1E88E5",
      "font_size": "14px",
      "font_style": "bold"
    }
  },
  {
    "ticket_id": "TKT-071",
    "title": "Database connection lost",
    "priority": "Critical",
    "assigned_to": "Sarah Lee",
    "status": {
      "current_status": "Open",
      "bg": "#E3F2FD",
      "color": "#1E88E5",
      "font_size": "14px",
      "font_style": "bold"
    }
  },
  {
    "ticket_id": "TKT-072",
    "title": "Login issue",
    "priority": "Medium",
    "assigned_to": "Emma Wilson",
    "status": {
      "current_status": "Resolved",
      "bg": "#E8F5E9",
      "color": "#43A047",
      "font_size": "14px",
      "font_style": "bold"
    }
  },
  {
    "ticket_id": "TKT-073",
    "title": "Session timeout too quick",
    "priority": "High",
    "assigned_to": "Emma Wilson",
    "status": {
      "current_status": "On Hold",
      "bg": "#FFEBEE",
      "color": "#E53935",
      "font_size": "14px",
      "font_style": "italic"
    }
  },
  {
    "ticket_id": "TKT-074",
    "title": "Database connection lost",
    "priority": "Low",
    "assigned_to": "Robert Brown",
    "status": {
      "current_status": "On Hold",
      "bg": "#FFEBEE",
      "color": "#E53935",
      "font_size": "14px",
      "font_style": "italic"
    }
  },
  {
    "ticket_id": "TKT-075",
    "title": "Mobile app crashes",
    "priority": "High",
    "assigned_to": "Robert Brown",
    "status": {
      "current_status": "Open",
      "bg": "#E3F2FD",
      "color": "#1E88E5",
      "font_size": "14px",
      "font_style": "bold"
    }
  },
  {
    "ticket_id": "TKT-076",
    "title": "Database connection lost",
    "priority": "Low",
    "assigned_to": "Sarah Lee",
    "status": {
      "current_status": "On Hold",
      "bg": "#FFEBEE",
      "color": "#E53935",
      "font_size": "14px",
      "font_style": "italic"
    }
  },
  {
    "ticket_id": "TKT-077",
    "title": "Bug in report generation",
    "priority": "High",
    "assigned_to": "John Doe",
    "status": {
      "current_status": "Open",
      "bg": "#E3F2FD",
      "color": "#1E88E5",
      "font_size": "14px",
      "font_style": "bold"
    }
  },
  {
    "ticket_id": "TKT-078",
    "title": "Account locked",
    "priority": "Critical",
    "assigned_to": "Michael Johnson",
    "status": {
      "current_status": "Open",
      "bg": "#E3F2FD",
      "color": "#1E88E5",
      "font_size": "14px",
      "font_style": "bold"
    }
  },
  {
    "ticket_id": "TKT-079",
    "title": "Bug in report generation",
    "priority": "High",
    "assigned_to": "John Doe",
    "status": {
      "current_status": "Open",
      "bg": "#E3F2FD",
      "color": "#1E88E5",
      "font_size": "14px",
      "font_style": "bold"
    }
  },
  {
    "ticket_id": "TKT-080",
    "title": "Data sync issue",
    "priority": "Medium",
    "assigned_to": "Emma Wilson",
    "status": {
      "current_status": "On Hold",
      "bg": "#FFEBEE",
      "color": "#E53935",
      "font_size": "14px",
      "font_style": "italic"
    }
  },
  {
    "ticket_id": "TKT-081",
    "title": "Bug in report generation",
    "priority": "Low",
    "assigned_to": "Sarah Lee",
    "status": {
      "current_status": "On Hold",
      "bg": "#FFEBEE",
      "color": "#E53935",
      "font_size": "14px",
      "font_style": "italic"
    }
  },
  {
    "ticket_id": "TKT-082",
    "title": "Data sync issue",
    "priority": "Low",
    "assigned_to": "Emily Davis",
    "status": {
      "current_status": "On Hold",
      "bg": "#FFEBEE",
      "color": "#E53935",
      "font_size": "14px",
      "font_style": "italic"
    }
  },
  {
    "ticket_id": "TKT-083",
    "title": "Payment gateway error",
    "priority": "Medium",
    "assigned_to": "John Doe",
    "status": {
      "current_status": "Resolved",
      "bg": "#E8F5E9",
      "color": "#43A047",
      "font_size": "14px",
      "font_style": "bold"
    }
  },
  {
    "ticket_id": "TKT-084",
    "title": "Payment gateway error",
    "priority": "Critical",
    "assigned_to": "Emily Davis",
    "status": {
      "current_status": "In Progress",
      "bg": "#FFF3E0",
      "color": "#FB8C00",
      "font_size": "14px",
      "font_style": "italic"
    }
  },
  {
    "ticket_id": "TKT-085",
    "title": "Bug in report generation",
    "priority": "Medium",
    "assigned_to": "Jane Smith",
    "status": {
      "current_status": "In Progress",
      "bg": "#FFF3E0",
      "color": "#FB8C00",
      "font_size": "14px",
      "font_style": "italic"
    }
  },
  {
    "ticket_id": "TKT-086",
    "title": "Email notifications not sent",
    "priority": "High",
    "assigned_to": "Emma Wilson",
    "status": {
      "current_status": "Open",
      "bg": "#E3F2FD",
      "color": "#1E88E5",
      "font_size": "14px",
      "font_style": "bold"
    }
  },
  {
    "ticket_id": "TKT-087",
    "title": "Database connection lost",
    "priority": "Low",
    "assigned_to": "Robert Brown",
    "status": {
      "current_status": "Resolved",
      "bg": "#E8F5E9",
      "color": "#43A047",
      "font_size": "14px",
      "font_style": "bold"
    }
  },
  {
    "ticket_id": "TKT-088",
    "title": "Data sync issue",
    "priority": "Critical",
    "assigned_to": "Emma Wilson",
    "status": {
      "current_status": "On Hold",
      "bg": "#FFEBEE",
      "color": "#E53935",
      "font_size": "14px",
      "font_style": "italic"
    }
  },
  {
    "ticket_id": "TKT-089",
    "title": "Bug in report generation",
    "priority": "Medium",
    "assigned_to": "Emma Wilson",
    "status": {
      "current_status": "Closed",
      "bg": "#F5F5F5",
      "color": "#616161",
      "font_size": "14px",
      "font_style": "normal"
    }
  },
  {
    "ticket_id": "TKT-090",
    "title": "Login issue",
    "priority": "Critical",
    "assigned_to": "Robert Brown",
    "status": {
      "current_status": "In Progress",
      "bg": "#FFF3E0",
      "color": "#FB8C00",
      "font_size": "14px",
      "font_style": "italic"
    }
  },
  {
    "ticket_id": "TKT-091",
    "title": "Unauthorized access detected",
    "priority": "Medium",
    "assigned_to": "Jane Smith",
    "status": {
      "current_status": "On Hold",
      "bg": "#FFEBEE",
      "color": "#E53935",
      "font_size": "14px",
      "font_style": "italic"
    }
  },
  {
    "ticket_id": "TKT-092",
    "title": "Mobile app crashes",
    "priority": "Critical",
    "assigned_to": "Jane Smith",
    "status": {
      "current_status": "Open",
      "bg": "#E3F2FD",
      "color": "#1E88E5",
      "font_size": "14px",
      "font_style": "bold"
    }
  },
  {
    "ticket_id": "TKT-093",
    "title": "Email notifications not sent",
    "priority": "High",
    "assigned_to": "Emily Davis",
    "status": {
      "current_status": "Resolved",
      "bg": "#E8F5E9",
      "color": "#43A047",
      "font_size": "14px",
      "font_style": "bold"
    }
  },
  {
    "ticket_id": "TKT-094",
    "title": "Email notifications not sent",
    "priority": "High",
    "assigned_to": "Michael Johnson",
    "status": {
      "current_status": "Resolved",
      "bg": "#E8F5E9",
      "color": "#43A047",
      "font_size": "14px",
      "font_style": "bold"
    }
  },
  {
    "ticket_id": "TKT-095",
    "title": "Mobile app crashes",
    "priority": "Critical",
    "assigned_to": "John Doe",
    "status": {
      "current_status": "Closed",
      "bg": "#F5F5F5",
      "color": "#616161",
      "font_size": "14px",
      "font_style": "normal"
    }
  },
  {
    "ticket_id": "TKT-096",
    "title": "Database connection lost",
    "priority": "High",
    "assigned_to": "Sarah Lee",
    "status": {
      "current_status": "In Progress",
      "bg": "#FFF3E0",
      "color": "#FB8C00",
      "font_size": "14px",
      "font_style": "italic"
    }
  },
  {
    "ticket_id": "TKT-097",
    "title": "Unauthorized access detected",
    "priority": "Critical",
    "assigned_to": "Sarah Lee",
    "status": {
      "current_status": "Closed",
      "bg": "#F5F5F5",
      "color": "#616161",
      "font_size": "14px",
      "font_style": "normal"
    }
  },
  {
    "ticket_id": "TKT-098",
    "title": "Account locked",
    "priority": "Critical",
    "assigned_to": "Sarah Lee",
    "status": {
      "current_status": "Closed",
      "bg": "#F5F5F5",
      "color": "#616161",
      "font_size": "14px",
      "font_style": "normal"
    }
  },
  {
    "ticket_id": "TKT-099",
    "title": "Database connection lost",
    "priority": "Critical",
    "assigned_to": "Sarah Lee",
    "status": {
      "current_status": "Closed",
      "bg": "#F5F5F5",
      "color": "#616161",
      "font_size": "14px",
      "font_style": "normal"
    }
  },
  {
    "ticket_id": "TKT-100",
    "title": "Account locked",
    "priority": "Low",
    "assigned_to": "Michael Johnson",
    "status": {
      "current_status": "Resolved",
      "bg": "#E8F5E9",
      "color": "#43A047",
      "font_size": "14px",
      "font_style": "bold"
    }
  }
]